{"cameraMode":{"drawMode":0,"name":"Shaded","section":"Shading Mode"},"sceneLighting":true,"audioPlay":false,"sceneViewState":{"m_AlwaysRefresh":false,"showFog":true,"showSkybox":true,"showFlares":true,"showImageEffects":true,"showParticleSystems":true,"showVisualEffectGraphs":true,"m_FxEnabled":true},"in2DMode":false,"pivot":{"x":-2.960737705230713,"y":-12.74130916595459,"z":115.2897720336914},"rotation":{"x":-0.09167784452438355,"y":0.009257921949028969,"z":-0.000852438504807651,"w":-0.9957495927810669},"size":66.05023956298828,"orthographic":false}